Group	Username	Timestamp	Message
69d6eace778438310a31d004	usuario962	2026-4-8 20:56:10	oi
69d6eace778438310a31d004	usuario919	2026-4-8 20:56:17	oi
69d6eace778438310a31d004	Clair	2026-4-8 20:56:19	Olá a todos, meu nome é Clair. De vez em quando, vou fazer algumas perguntas para facilitar a discussão.
69d6eace778438310a31d004	usuario962	2026-4-8 20:57:55	é para fazer o que agora?
69d6eace778438310a31d004	usuario919	2026-4-8 20:58:2	Não sei
69d6eace778438310a31d004	usuario919	2026-4-8 20:58:24	Só estou lendo por enquanto
69d6eace778438310a31d004	usuario962	2026-4-8 20:58:35	eu também
69d6eace778438310a31d004	usuario919	2026-4-8 21:0:28	E agora?
69d6eace778438310a31d004	usuario962	2026-4-8 21:1:3	Faz a boa Clair
69d6eace778438310a31d004	usuario032	2026-4-8 21:1:20	@clair
69d6eace778438310a31d004	usuario919	2026-4-8 21:2:18	eu to indo pelos orgãos
69d6eace778438310a31d004	usuario919	2026-4-8 21:2:54	Quando fica verde é pq a gente acertou?
69d6eace778438310a31d004	usuario032	2026-4-8 21:3:11	tudo certo!
69d6eace778438310a31d004	usuario919	2026-4-8 21:3:34	Arrasou
69d6eace778438310a31d004	usuario962	2026-4-8 21:3:57	boa
69d6eace778438310a31d004	usuario919	2026-4-8 21:4:47	A pròxima eu nçao faço ideia
69d6eace778438310a31d004	usuario962	2026-4-8 21:5:58	aumenta a área de contato da comida com o suco gastrico
69d6eace778438310a31d004	usuario962	2026-4-8 21:6:20	se dividir em pedaços menores
69d6eace778438310a31d004	usuario962	2026-4-8 21:6:34	ai facilita a digestão
69d6eace778438310a31d004	usuario032	2026-4-8 21:7:22	boa
69d6eace778438310a31d004	usuario962	2026-4-8 21:7:24	eu não consigo editar o texto
69d6eace778438310a31d004	usuario919	2026-4-8 21:8:38	Vou colocar isso
69d6eace778438310a31d004	usuario114	2026-4-8 21:10:17	justo
69d6eace778438310a31d004	Clair	2026-4-8 21:10:20	Esta conversa é interessante. Algum de vocês seria capaz de fazer um breve resumo do que foi abordado até agora?
69d6eace778438310a31d004	usuario032	2026-4-8 21:10:56	mastigar a comida é importante
69d6eace778438310a31d004	usuario919	2026-4-8 21:13:53	em english
69d6eace778438310a31d004	usuario114	2026-4-8 21:17:13	vish
69d6eace778438310a31d004	usuario032	2026-4-8 21:18:21	kkkk
69d6eace778438310a31d004	usuario919	2026-4-8 21:18:52	cade a clair?
69d6eace778438310a31d004	usuario114	2026-4-8 21:19:27	@
69d6eace778438310a31d004	usuario919	2026-4-8 21:20:44	É pra criar um hipotese?
69d6eace778438310a31d004	usuario114	2026-4-8 21:22:21	essa barrinha aí é oq?
69d6eace778438310a31d004	usuario919	2026-4-8 21:22:52	também nã entendi
69d6eace778438310a31d004	usuario962	2026-4-8 21:23:15	meio perdido nessa também
69d6eace778438310a31d004	usuario032	2026-4-8 21:23:30	o quanto você confia na hipótese
69d6eace778438310a31d004	usuario919	2026-4-8 21:23:41	Se a temperatura é muito alta então influencia
69d6eace778438310a31d004	Clair	2026-4-8 21:23:44	Usuario919, você poderia dar um exemplo?
69d6eace778438310a31d004	usuario919	2026-4-8 21:23:56	não sei
69d6eace778438310a31d004	usuario919	2026-4-8 21:27:21	Essa barrinha é para você colocar o nível de confiança na sua hipotese
69d6eace778438310a31d004	usuario962	2026-4-8 21:28:0	hmmm
69d6eace778438310a31d004	usuario962	2026-4-8 21:28:2	faz sentido
69d6eace778438310a31d004	usuario032	2026-4-8 21:36:33	@clair
69d6eace778438310a31d004	usuario032	2026-4-8 21:39:16	@Clair
69d6eace778438310a31d004	usuario032	2026-4-8 21:39:45	e a chamada?
69d6eace778438310a31d006	usuario207	2026-4-8 20:55:9	oi
69d6eace778438310a31d006	usuario333	2026-4-8 20:55:17	opa
69d6eace778438310a31d006	Clair	2026-4-8 20:55:19	Olá a todos, meu nome é Clair. De vez em quando, vou fazer algumas perguntas para facilitar a discussão.
69d6eace778438310a31d006	usuario207	2026-4-8 20:55:40	show
69d6eace778438310a31d006	usuario250	2026-4-8 20:56:37	opa
69d6eace778438310a31d006	usuario207	2026-4-8 20:57:22	é pra fazer oq?
69d6eace778438310a31d006	usuario250	2026-4-8 20:57:28	kkkkkk
69d6eace778438310a31d006	usuario250	2026-4-8 20:57:34	não sei
69d6eace778438310a31d006	usuario333	2026-4-8 20:57:44	E essa copa de 2010 hein?
69d6eace778438310a31d006	usuario207	2026-4-8 20:57:51	vai brasa
69d6eace778438310a31d006	usuario207	2026-4-8 20:59:1	será que neymar vai pra copa ein
69d6eace778438310a31d006	usuario250	2026-4-8 20:59:23	tem que dar a primeira chance dele
69d6eace778438310a31d006	usuario250	2026-4-8 20:59:26	ele merece
69d6eace778438310a31d006	usuario250	2026-4-8 20:59:32	vai trazer o hexa
69d6eace778438310a31d006	usuario207	2026-4-8 20:59:43	vai dar certo
69d6eace778438310a31d006	usuario207	2026-4-8 20:59:58	cadê a clair
69d6eace778438310a31d006	usuario333	2026-4-8 21:0:23	Sumiu
69d6eace778438310a31d006	usuario333	2026-4-8 21:0:48	@Clair
69d6eace778438310a31d006	usuario207	2026-4-8 21:1:56	sei nada de sistema digestivo
69d6eace778438310a31d006	usuario207	2026-4-8 21:2:3	preguiça de ler
69d6eace778438310a31d006	usuario207	2026-4-8 21:2:36	Clair, ajuda aqui
69d6eace778438310a31d006	usuario207	2026-4-8 21:3:41	onde que fica a bile
69d6eace778438310a31d006	usuario250	2026-4-8 21:4:10	esse suco pancreatico é de onde
69d6eace778438310a31d006	usuario333	2026-4-8 21:4:21	Rapaz, acho que a saliva fica lá no intestino
69d6eace778438310a31d006	usuario207	2026-4-8 21:4:22	no pancreas
69d6eace778438310a31d006	Clair	2026-4-8 21:4:24	Usuario333, você concorda ou discorda com seu parceiro?
69d6eace778438310a31d006	usuario250	2026-4-8 21:4:44	eu discordo clair
69d6eace778438310a31d006	usuario250	2026-4-8 21:4:53	acho que ele ta errado
69d6eace778438310a31d006	usuario207	2026-4-8 21:5:2	vixe
69d6eace778438310a31d006	usuario207	2026-4-8 21:5:5	ai é loucura
69d6eace778438310a31d006	usuario333	2026-4-8 21:5:20	Tô em dúvida, Clair
69d6eace778438310a31d006	usuario250	2026-4-8 21:5:38	nao sei de onde é essa bile
69d6eace778438310a31d006	usuario207	2026-4-8 21:5:50	tô querendo saber mais sobre mastigação
69d6eace778438310a31d006	usuario207	2026-4-8 21:6:20	o que é a mastigação?
69d6eace778438310a31d006	usuario250	2026-4-8 21:6:28	eu acho que a mastigação serve para aumenar a área de contato com as enzima
69d6eace778438310a31d006	Clair	2026-4-8 21:6:31	Usuario250, você poderia elaborar mais sobre isso?
69d6eace778438310a31d006	usuario250	2026-4-8 21:6:43	queria não
69d6eace778438310a31d006	usuario333	2026-4-8 21:6:54	Pelo que eu entendi a mastigação transforma a comida em tipo uns legos
69d6eace778438310a31d006	usuario207	2026-4-8 21:7:20	boa observação
69d6eace778438310a31d006	usuario207	2026-4-8 21:8:0	Por que você acha que dividir a comida em pedaços pequenos é bom para a digestão?
69d6eace778438310a31d006	usuario250	2026-4-8 21:9:40	mastigar é bom para aumentar o contato da comida com as enzimas e acho que só isos
69d6eace778438310a31d006	usuario250	2026-4-8 21:10:19	não lembro o nome da enzima
69d6eace778438310a31d006	usuario333	2026-4-8 21:10:45	Qual será que é o limite de caracteres de uma mensagem?
69d6eace778438310a31d006	usuario207	2026-4-8 21:11:7	testa ai
69d6eace778438310a31d006	usuario207	2026-4-8 21:11:24	vixe as imagens tão em inglês
69d6eace778438310a31d006	usuario333	2026-4-8 21:11:28	111111111111111111111111111111111111111111111111111111111111111111111111111111111111111111111111111111111111111111111111111111111111111111111111111111111111111111111111111111111111111111111111111111111111111111111111111111111111111111111111111111111111111111111111111111111111111111111111111111111111111111111111111111111111111111111111111111111111111111111111111111111111111111111111111111111111111111111111111111111111111111111111111111111111111111111111111111111111111111111111111111111111111111111111111111111111111111111111111111111111111111111111111111111111111111111111111111111111111111111111111111111111111111111111111111111111111111111111111111111111111111111111111111111111111111111111111111111111111111111111111111111111111111111111111111111111111111111111111111111111111111111111111111111111111111111111111111111111111111111111111111111111111111111111111111111111111111111111111111111111111111111111111111111111111111111111111111111111111111111111111111111111111111111111111111111111111111111111111111111111111111111111111111111111111111111111111111111111111111111111111111111111111111111111111111111111111111111111111111111111111111111111111111111111111111111111111111111111111111111111111111111111111111111111111111111111111111111111111111111111111111111111111111111111111111111111111111111111111111111111111111111111111111111111111111111111111111111111111111111111111111111111111111111111111111111111111111111111111111111111111111111111111111111111111111111111111111111111111111111111111111111111111111111111111111111111111111111111111111111111111111111111111111111111111111111111111111111111111111111111111111111111111111111111111111111111111111111111111111111111111111111111111111111111111111111111111111111111111111111111111111111111111111111111111111111111111111111111111111111111111111111111111111111111111111111111111111111111111111111111111111111111111111111111111111111111111111111111111111111111111111111111111111111111111111111111111111111111111111111111111111111111111111111111111111111111111111111111111111111111111111111111111111111111111111111111111111111111111111111111111111111111111111111111111111111111111111111111111111111111111111111111111111111111111111111111111111111111111111111111111111111111111111111111111111111111111111111111111111111111111111111111111111111111111111111111111111111111111111111111111111111111111111111111111111111111111111111111111111111111111111111111111111111111111111111111111111111111111111111111111111111111111111111111111111111111111111111111111111111111111111111111111111111111111111111111111111111111111111111111111111111111111111111111111111111111111111111111111111111111111111111111111111111111111111111111111111111111111111111111111111111111111111111111111111111111111111111111111111111111111111111111111111111111111111111111111111111111111111111111111111111111111111111111111111111111111111111111111111111111111111111111111111111111111111111111111111111111111111111111111111111111111111111111111111111111111111111111111111111111111111111111111111111111111111111111111111111111111111111111111111111111111111111111111111111111111111111111111111111111111111111111111111111111111111111111111111111111111111111111111111111111111111111111111111111111111111111111111111111111111111111111111111111111111111111111111111111111111111111111111111111111111111111111111111111111111111111111111111111111111111111111111111111111111111111111111111111111111111111111111111111111111111111111111111111111111111111111111111111111111111111111111111111111111111111111111111111111111111111111111111111111111111111111111111111111111111111111111111111111111111111111111111111111111111111111111111111111111111111111111111111111111111111111111111111111111111111111111111111111111111111111111111111111111111111111111111111111111111111111111111111111111111111111111111111111111111111111111111111111111111111111111111111111111111111111111111111111111111111111111111111111111111111111111111111111111111111111111111111111111111111111111111111111111111111111111111111111111111111111111111111111111111111111111111111111111111111111111111111111111111111111111111111111111111111111111111111111111111111111111111111111111111111111111111111111111111111111111111111111111111111111111111111111111111111111111111111111111111111111111111111111111111111111111111111111111111111111111111111111111111111111111111111111111111111111111111111111111111111111111111111111111111111111111111111111111111111111111111111111111111111111111111111111111111111111111111111111111111111111111111111111111111111111111111111111111111111111111111111111111111111111111111111111111111111111111111111111111111111111111111111111111111111111111111111111111111111111111111111111111111111111111111111111111111111111111111111111111111111111111111111111111111111111111111111111111111111111111111111111111111111111111111111111111111111111111111111111111111111111111111111111111111111111111111111111111111111111111111111111111111111111111111111111111111111111111111111111111111111111111111111111111111111111111111111111111111111111111111111111111111111111111111111111111111111111111111111111111111111111111111111111111111111111111111111111111111111111111111111111111111111111111111111111111111111111111111111111111111111111111111111111111111111111111111111111111111111111111111111111111111111111111111111111111111111111111111111111111111111111111111111111111111111111111111111111111111111111111111111111111111111111111111111111111111111111111111111111111111111111111111111111111111111111111111111111111111111111111111111111111111111111111111111111111111111111111111111111111111111111111111111111111111111111111111111111111111111111111111111111111111111111111111111111111111111111111111111111111111111111111111111111111111111111111111111111111111111111111111111111111111111111111111111111111111111111111111111111111111111111111111111111111111111111111111111111111111111111111111111111111111111111111111111111111111111111111111111111111111111111111111111111111111111111111111111111111111111111111111111111111111111111111111111111111111111111111111111111111111111111111111111111111111111111111111111111111111111111111111111111111111111111111111111111111111111111111111111111111111111111111111111111111111111111111111111111111111111111111111111111111111111111111111111111111111111111111111111111111111111111111111111111111111111111111111111111111111111111111111111111111111111111111111111111111111111111111111111111111111111111111111111111111111111111111111111111111111111111111111111111111111111111111111111111111111111111111111111111111111111111111111111111111111111111111111111111111111111111111111111111111111111111111111111111111111111111111111111111111111111111111111111111111111111111111111111111111111111111111111111111111111111111111111111111111111111111111111111111111111111111111111111111111111111111111111111111111111111111111111111111111111111111111111111111111111111111111111111111111111111111111111111111111111111111111111111111111111111111111111111111111111111111111111111111111111111111111111111111111111111111111111111111111111111111111111111111111111111111111111111111111111111111111111111111111111111111111111111111111111111111111111111111111111111111111111111111111111111111111111111111111111111111111111111111111111111111111111111111111111111111111111111111111111111111111111111111111111111111111111111111111111111111111111111111111111111111111111111111111111111111111111111111111111111111111111111111111111111111111111111111111111111111111111111111111111111111111111111111111111111111111111111111111111111111111111111111111111111111111111111111111111111111111111111111111111111111111111111111111111111111111111111111111111111111111111111111111111111111111111111111111111111111111111111111111111111111111111111111111111111111111111111111111111111111111111111111111111111111111111111111111111111111111111111111111111111111111111111111111111111111111111111111111111111111111111111111111111111111111111111111111111111111111111111111111111111111111111111111111111111111111111111111111111111111111111111111111111111111111111111111111111111111111111111111111111111111111111111111111111111111111111111111111111111111111111111111111111111111111111111111111111111111111111111111111111111111111111111111111111111111111111111111111111111111111111111111111111111111111111111111111111111111111111111111111111111111111111111111111111111111111111111111111111111111111111111111111111111111111111111111111111111111111111111111111111111111111111111111111111111111111111111111111111111111111111111111111111111111111111111111111111111111111111111111111111111111111111111111111111111111111111111111111111111111111111111111111111111111111111111111111111111111111111111111111111111111111111111111111111111111111111111111111111111111111111111111111111111111111111111111111111111111111111111111111111111111111111111111111111111111111111111111111111111111111111111111111111111111111111111111111111111111111111111111111111111111111111111111111111111111111111111111111111111111111111111111111111111111111111111111111111111111111111111111111111111111111111111111111111111111111111111111111111111111111111111111111111111111111111111111111111111111111111111111111111111111111111111111111111111111111111111111111111111111111111111111111111111111111111111111111111111111111111111111111111111111111111111111111111111111111111111111111111111111111111111111111111111111111111111111111111111111111111111111111111111111111111111111111111111111111111111111111111111111111111111111111111111111111111111111111111111111111111111111111111111111111111111111111111111111111111111111111111111111111111111111111111111111111111111111111111111111111111111111111111111111111111111111111111111111111111111111111111111111111111111111111111111111111111111111111111111111111111111111111111111111111111111111111111111111111111111111111111111111111111111111111111111111111111111111111111111111111111111111111111111111111111111111111111111111111111111111111111111111111111111111111111111111111111111111111111111111111111111111111111111111111111111111111111111111111111111111111111111111111111111111111111111111111111111111111111111111111111111111111111111111111111111111111111111111111111111111111111111111111111111111111111111111111111111111111111111111111111111111111111111111111111111111111111111111111111111111111111111111111111111111111111111111111111111111111111111111111111111111111111111111111111111111111111
69d6eace778438310a31d006	Clair	2026-4-8 21:11:31	Esta conversa é interessante. Algum de vocês seria capaz de fazer um breve resumo do que foi abordado até agora?
69d6eace778438310a31d006	usuario207	2026-4-8 21:11:31	sei ler só as figura
69d6eace778438310a31d006	usuario250	2026-4-8 21:11:50	Tu não ajuda em nada né clair
69d6eace778438310a31d006	usuario250	2026-4-8 21:11:55	to te perguntando as coisa
69d6eace778438310a31d006	usuario207	2026-4-8 21:12:20	leia as mensagens pra saber, clair. deixa de preguiça
69d6eace778438310a31d006	usuario333	2026-4-8 21:12:36	Clair, quantos anos você tem?
69d6eace778438310a31d006	usuario250	2026-4-8 21:12:44	to em duvida ate agora
69d6eace778438310a31d006	usuario207	2026-4-8 21:13:11	ahh, o alimento entra na boca e é divido em pedaços menores pela mastigação. isso facilita a deglutição
69d6eace778438310a31d006	usuario207	2026-4-8 21:13:35	היי, האם אתה מבין עברית?
69d6eace778438310a31d006	usuario333	2026-4-8 21:13:39	sabe muito
69d6eace778438310a31d006	usuario207	2026-4-8 21:14:19	a mastigação também desempenha uma função na digestão, chamada digestão mecânica.
69d6eace778438310a31d006	usuario207	2026-4-8 21:14:46	ai é loucura a outra atividade ta em ingles
69d6eace778438310a31d006	usuario207	2026-4-8 21:16:7	sabe muito 333
69d6eace778438310a31d006	usuario333	2026-4-8 21:16:17	Respondi a minha cota
69d6eace778438310a31d006	usuario207	2026-4-8 21:16:25	o de hj ta pago
69d6eace778438310a31d006	usuario333	2026-4-8 21:17:9	vou apelar, vou ter que usar o google tradutor
69d6eace778438310a31d006	usuario207	2026-4-8 21:17:17	é o jeito
69d6eace778438310a31d006	usuario207	2026-4-8 21:17:25	tirar print e botar no gpt
69d6eace778438310a31d006	usuario207	2026-4-8 21:18:21	conhece 250
69d6eace778438310a31d006	usuario250	2026-4-8 21:18:40	250 desistiu da clair
69d6eace778438310a31d006	usuario250	2026-4-8 21:18:44	só da vacuo
69d6eace778438310a31d006	usuario207	2026-4-8 21:19:47	clair, tá vacilando com nois
69d6eace778438310a31d006	usuario207	2026-4-8 21:21:38	botar tudo aleatório e ver se alguma ta certa
69d6eace778438310a31d006	usuario207	2026-4-8 21:23:7	eu acho que a temperatura influencia em alguma coisa ai
69d6eace778438310a31d006	Clair	2026-4-8 21:23:10	Usuario207, você poderia dar um exemplo?
69d6eace778438310a31d006	usuario207	2026-4-8 21:23:41	claro, se a comida tiver muito quente eu nao consigo comer ne
69d6eace778438310a31d006	usuario250	2026-4-8 21:23:45	acho que o formato tem alguma coisa tambem
69d6eace778438310a31d006	usuario207	2026-4-8 21:23:51	vapo
69d6eace778438310a31d006	usuario250	2026-4-8 21:24:25	ai clair, tu n ajudou em nada e nois terminou na raça
69d6eace778438310a31d006	usuario207	2026-4-8 21:24:38	acho que clair nao gosta muito de 250
69d6eace778438310a31d006	usuario207	2026-4-8 21:25:6	oia tem um caba novo
69d6eace778438310a31d006	usuario207	2026-4-8 21:25:8	034
69d6eace778438310a31d006	usuario207	2026-4-8 21:25:12	cuida
69d6eace778438310a31d006	usuario034	2026-4-8 21:25:54	é roud 6 cada um tem o número
69d6eace778438310a31d006	usuario207	2026-4-8 21:26:31	tendi esse negócio de condição nao
69d6eace778438310a31d006	usuario207	2026-4-8 21:26:42	é pra fazer oq, clair?
69d6eace778438310a31d006	usuario207	2026-4-8 21:26:55	vou pular esse
69d6eace778438310a31d006	usuario207	2026-4-8 21:28:11	tenho a hipotese que o brasil so ganha a copa se nao tiver nenhum jogador de barba
69d6eace778438310a31d006	usuario333	2026-4-8 21:31:32	Não pode jogador bonito também, mas isso é fácil
69d6eace778438310a31d006	usuario333	2026-4-8 21:31:42	só não pode convocar o alisson
69d6eace778438310a31d006	usuario207	2026-4-8 21:31:57	goleiro da seleção é hugo neneca ministro da defesa
69d6eace778438310a31d006	usuario333	2026-4-8 21:32:58	ainda sou mais o magrão
69d6eace778438310a31d006	usuario333	2026-4-8 21:33:29	e o caça rato de falso 9
69d6eace778438310a31d006	usuario207	2026-4-8 21:33:38	dinizismo chegou no timao agora acabou a competitividade no futebol brasileiro
69d6eace778438310a31d007	usuario999	2026-4-8 20:55:16	opa
69d6eace778438310a31d007	usuario321	2026-4-8 20:55:32	Salve
69d6eace778438310a31d007	Clair	2026-4-8 20:55:35	Olá a todos, meu nome é Clair. De vez em quando, vou fazer algumas perguntas para facilitar a discussão.
69d6eace778438310a31d007	usuario110	2026-4-8 20:56:6	Iae
69d6eace778438310a31d007	usuario321	2026-4-8 20:58:55	Aparentemente já deu certo o do sistema digestivo
69d6eace778438310a31d007	usuario999	2026-4-8 21:1:15	eai vcs acham oq nessa da mastigação?
69d6eace778438310a31d007	usuario321	2026-4-8 21:1:56	Alguém sabe como acionar a Clair?
69d6eace778438310a31d007	usuario110	2026-4-8 21:2:6	deve ser bom pra ajudar o sistema na transformação dos nutrientes
69d6eace778438310a31d007	Clair	2026-4-8 21:2:9	Usuario110, você poderia elaborar mais sobre isso?
69d6eace778438310a31d007	usuario110	2026-4-8 21:3:4	quanto menor os pedaços dos alimentos melhor a absorção durante a digestão química
69d6eace778438310a31d007	usuario321	2026-4-8 21:3:49	Além de aprimorar a absorção de nutrientes, aprimorando bastante uma refeição, a mastigação também tem o papel de segurança para evitar que pedaços significativos causem dano ao organismo
69d6eace778438310a31d007	usuario321	2026-4-8 21:4:20	A dúvida que fica é, precisamos escrever a mesma resposta ou cada um digita uma?
69d6eace778438310a31d007	usuario110	2026-4-8 21:4:30	Acho que por isso que meu avô tem problemas ele não mastiga direito e fica empachado
69d6eace778438310a31d007	usuario999	2026-4-8 21:4:40	acho q a resposta é do grupo
69d6eace778438310a31d007	usuario321	2026-4-8 21:4:50	*melhorando
69d6eace778438310a31d007	usuario321	2026-4-8 21:5:18	Usei a mesma palavra duas vezes, por isso que n passei na fuvest
69d6eace778438310a31d007	usuario321	2026-4-8 21:5:53	OSSS
69d6eace778438310a31d007	usuario321	2026-4-8 21:5:59	Foi isso então?
69d6eace778438310a31d007	usuario321	2026-4-8 21:6:5	Partiu próxima?
69d6eace778438310a31d007	usuario110	2026-4-8 21:6:16	acho que é isso mesmo
69d6eace778438310a31d007	usuario999	2026-4-8 21:6:17	por mim sim
69d6eace778438310a31d007	usuario321	2026-4-8 21:6:20	@clair
69d6eace778438310a31d007	usuario110	2026-4-8 21:6:29	ainda bem que estou no sétimo ano e posso errar
69d6eace778438310a31d007	usuario321	2026-4-8 21:6:49	@clair obscur: expedition 33
69d6eace778438310a31d007	usuario999	2026-4-8 21:7:10	kkkkkkkkkkkk
69d6eace778438310a31d007	usuario321	2026-4-8 21:7:12	Né isso, ainda bem que é só o sétimo ano de medicina aqui pra gnt
69d6eace778438310a31d007	usuario110	2026-4-8 21:8:29	O que é uma enzima
69d6eace778438310a31d007	usuario110	2026-4-8 21:8:37	Clair
69d6eace778438310a31d007	usuario321	2026-4-8 21:9:38	mͫaͧsͥsͭaͦ
69d6eace778438310a31d007	usuario321	2026-4-8 21:11:39	Q danado é chewing
69d6eace778438310a31d007	Clair	2026-4-8 21:11:41	Esta conversa é interessante. Algum de vocês seria capaz de fazer um breve resumo do que foi abordado até agora?
69d6eace778438310a31d007	usuario321	2026-4-8 21:11:46	ele bixo do star wars
69d6eace778438310a31d007	usuario999	2026-4-8 21:11:53	mastigando
69d6eace778438310a31d007	usuario110	2026-4-8 21:12:43	Falamos um pouco sobre como os nutrientes chegam na nossa barriga em pedaços pequenos
69d6eace778438310a31d007	usuario110	2026-4-8 21:12:51	agora estamos falando sobre as enzimas e ação da saliva
69d6eace778438310a31d007	usuario110	2026-4-8 21:13:2	tudo perfeito
69d6eace778438310a31d007	usuario321	2026-4-8 21:15:54	Será q se a gnt errar pede pra voltar?
69d6eace778438310a31d007	usuario999	2026-4-8 21:15:58	n sei
69d6eace778438310a31d007	usuario321	2026-4-8 21:16:42	Testar?
69d6eace778438310a31d007	usuario110	2026-4-8 21:16:45	bora
69d6eace778438310a31d007	usuario999	2026-4-8 21:18:5	quando aperta no visto
69d6eace778438310a31d007	usuario999	2026-4-8 21:18:13	ele diz oq ta certo ou nao
69d6eace778438310a31d007	usuario999	2026-4-8 21:18:23	bem dms
69d6eace778438310a31d007	usuario321	2026-4-8 21:18:24	OSS
69d6eace778438310a31d007	usuario321	2026-4-8 21:18:35	Partiu próx level
69d6eace778438310a31d007	usuario321	2026-4-8 21:21:5	Acho que a temperatura é de suma importância pras enzimas porque entra naquele ponto la das condições necessárias para a  maturação
69d6eace778438310a31d007	usuario110	2026-4-8 21:21:8	Uma hipotese começa com se?
69d6eace778438310a31d007	usuario999	2026-4-8 21:21:32	não necessariamente eu acho
69d6eace778438310a31d007	usuario321	2026-4-8 21:21:39	Achei q era texto corrido
69d6eace778438310a31d007	usuario110	2026-4-8 21:21:46	também pensei que era
69d6eace778438310a31d007	usuario110	2026-4-8 21:21:53	provavelmente pode criar um texto
69d6eace778438310a31d007	usuario321	2026-4-8 21:22:4	Tá me lembrando a prova de fmc
69d6eace778438310a31d007	usuario110	2026-4-8 21:22:4	que estranho
69d6eace778438310a31d007	usuario110	2026-4-8 21:22:6	kkkk
69d6eace778438310a31d007	usuario999	2026-4-8 21:22:6	nesse cinza da
69d6eace778438310a31d007	usuario321	2026-4-8 21:22:8	Misericordia
69d6eace778438310a31d007	usuario321	2026-4-8 21:22:30	Pq será que a clair tá nos ignorando
69d6eace778438310a31d007	usuario110	2026-4-8 21:22:40	ne isso
69d6eace778438310a31d007	usuario321	2026-4-8 21:22:43	Tenho dúvidas!
69d6eace778438310a31d007	usuario110	2026-4-8 21:22:43	ja temos mensagens suficientes
69d6eace778438310a31d007	usuario110	2026-4-8 21:22:44	apareça
69d6eace778438310a31d007	usuario999	2026-4-8 21:22:56	ela itnha pedido p alguem escrever um resumo p ela e ngm fez kkkk acho q ta esperando
69d6eace778438310a31d007	usuario110	2026-4-8 21:23:0	eu acho que se aumentar a temperatura as enzimas nao gostam
69d6eace778438310a31d007	usuario321	2026-4-8 21:23:15	Eu acho que a temperatura influencia no funcionamento da digestão
69d6eace778438310a31d007	usuario110	2026-4-8 21:24:18	calada vence
69d6eace778438310a31d007	usuario321	2026-4-8 21:24:43	Enzima deixa o caba bombado?
69d6eace778438310a31d007	usuario999	2026-4-8 21:25:49	acho q nao
69d6eace778438310a31d007	usuario110	2026-4-8 21:25:54	bem que a clair poderia ajudar nessa em
69d6eace778438310a31d007	usuario321	2026-4-8 21:25:58	"Se a temperatura for alta ENTÃO aumenta a velocidade das enzimas"
69d6eace778438310a31d007	usuario110	2026-4-8 21:26:1	sera que da pra tomar com whey
69d6eace778438310a31d007	usuario110	2026-4-8 21:26:10	kKKKKKKK
69d6eace778438310a31d007	usuario321	2026-4-8 21:26:38	Será q da pra injetar no banheiro da smart fit
69d6eace778438310a31d007	usuario321	2026-4-8 21:28:49	Será q tá peixe?
69d6eace778438310a31d007	usuario110	2026-4-8 21:29:53	e agora
69d6eace778438310a31d007	usuario321	2026-4-8 21:30:6	Da pra mandar?
69d6eace778438310a31d007	usuario110	2026-4-8 21:30:15	falta o ultimo ai nao?
69d6eace778438310a31d007	usuario321	2026-4-8 21:30:17	Acho q está bruscamente correto
69d6eace778438310a31d007	usuario110	2026-4-8 21:30:22	kdkkksksks
69d6eace778438310a31d007	usuario321	2026-4-8 21:32:53	E o ney hein
69d6eace778438310a31d007	usuario999	2026-4-8 21:33:2	n consegue andar em linha reta
69d6eace778438310a31d002	usuario37	2026-4-8 20:56:13	oie
69d6eace778438310a31d002	usario140	2026-4-8 20:56:18	opa
69d6eace778438310a31d002	Clair	2026-4-8 20:56:20	Olá a todos, meu nome é Clair. De vez em quando, vou fazer algumas perguntas para facilitar a discussão.
69d6eace778438310a31d002	usario140	2026-4-8 20:57:16	o que é para fazer?
69d6eace778438310a31d002	usario140	2026-4-8 20:57:19	não entendi
69d6eace778438310a31d002	usuario37	2026-4-8 20:57:29	é so pra responder as atividades
69d6eace778438310a31d002	usuario37	2026-4-8 20:57:39	mas ja respondi a primeira
69d6eace778438310a31d002	usuario37	2026-4-8 20:57:45	"O sistema digestivo"
69d6eace778438310a31d002	usuario139	2026-4-8 20:57:59	clair?
69d6eace778438310a31d002	Clair	2026-4-8 20:58:2	Sim, ainda estou aqui.
69d6eace778438310a31d002	usuario37	2026-4-8 20:58:11	A kkkkk
69d6eace778438310a31d002	usuario37	2026-4-8 20:58:19	Clair o que devemos fazer?
69d6eace778438310a31d002	Clair	2026-4-8 20:58:21	Que tipo de ajuda você precisa? Por favor, tente perguntar ao seu colega.
69d6eace778438310a31d002	usuario37	2026-4-8 20:58:39	como mastigar a comida?
69d6eace778438310a31d002	usario140	2026-4-8 20:59:24	clair pra que serve a digestão
69d6eace778438310a31d002	Clair	2026-4-8 20:59:27	Desculpa, mas não sei o suficiente para responder a essa pergunta.
69d6eace778438310a31d002	usuario37	2026-4-8 20:59:42	a clair nao sabe de nada hahahah
69d6eace778438310a31d002	usario140	2026-4-8 20:59:53	clair como mastiga?
69d6eace778438310a31d002	Clair	2026-4-8 20:59:55	Sim, ainda estou aqui.
69d6eace778438310a31d002	usuario37	2026-4-8 21:0:5	KKKKKKKKK
69d6eace778438310a31d002	usuario139	2026-4-8 21:0:9	do you also speak english clair
69d6eace778438310a31d002	usuario139	2026-4-8 21:0:23	clair help me
69d6eace778438310a31d002	usuario37	2026-4-8 21:0:24	clair, conte de 10 a 50
69d6eace778438310a31d002	Clair	2026-4-8 21:0:26	Que tipo de ajuda você precisa? Por favor, tente perguntar ao seu colega.
69d6eace778438310a31d002	usuario37	2026-4-8 21:0:40	ela so fala isso
69d6eace778438310a31d002	usario140	2026-4-8 21:0:48	usuario37 pra que serve o suco itestinal
69d6eace778438310a31d002	usuario37	2026-4-8 21:0:57	acho que devemos responder a atividade "Por que você acha que dividir a comida em pedaços pequenos é bom para a digestão?"
69d6eace778438310a31d002	Clair	2026-4-8 21:1:0	Usuario139, você concorda ou discorda com seu parceiro?
69d6eace778438310a31d002	usuario139	2026-4-8 21:1:9	concordo
69d6eace778438310a31d002	usuario139	2026-4-8 21:1:43	eu acho que o alimento entra na boca e é dividido em pedaços menores pela mastigação
69d6eace778438310a31d002	usuario37	2026-4-8 21:1:56	concordo
69d6eace778438310a31d002	usuario37	2026-4-8 21:2:3	pra engolir mais facil
69d6eace778438310a31d002	usario140	2026-4-8 21:2:14	lá ele clair
69d6eace778438310a31d002	usuario37	2026-4-8 21:2:25	KKKKKKKKKKK
69d6eace778438310a31d002	usuario37	2026-4-8 21:3:9	meu lanchinho, meu lanchinho
69d6eace778438310a31d002	usuario37	2026-4-8 21:3:10	vou comer
69d6eace778438310a31d002	usuario37	2026-4-8 21:3:15	vou comer
69d6eace778438310a31d002	usario140	2026-4-8 21:3:28	o que são as glândulas?
69d6eace778438310a31d002	usuario37	2026-4-8 21:4:3	que glandula?
69d6eace778438310a31d002	usuario192	2026-4-8 21:4:18	responde, clair
69d6eace778438310a31d002	usuario37	2026-4-8 21:4:37	acho que devemos começar a frase com "eu acho"
69d6eace778438310a31d002	usario140	2026-4-8 21:4:56	bora tentar fazer o "mastigando a comida"
69d6eace778438310a31d002	usuario37	2026-4-8 21:5:4	simbora
69d6eace778438310a31d002	usuario192	2026-4-8 21:5:27	let's
69d6eace778438310a31d002	usuario37	2026-4-8 21:5:37	acho que mastigamos a comida depois de cortar em pedaços
69d6eace778438310a31d002	Clair	2026-4-8 21:5:40	Usuario192, você gostaria de acrescentar algo ao que seu parceiro acabou de dizer?
69d6eace778438310a31d002	usuario37	2026-4-8 21:5:52	agora ela aparece?!
69d6eace778438310a31d002	usario140	2026-4-8 21:6:14	acho que é para facilitar a conversão do alimento em nutrientes
69d6eace778438310a31d002	usario140	2026-4-8 21:6:33	né não clair
69d6eace778438310a31d002	usuario192	2026-4-8 21:6:45	para auxiliar no processo digestivo e na passagem do alimento
69d6eace778438310a31d002	usuario192	2026-4-8 21:7:1	tá certo, clair?
69d6eace778438310a31d002	usuario37	2026-4-8 21:7:17	entao vamo colocar no texto
69d6eace778438310a31d002	usuario37	2026-4-8 21:8:22	coloquei la
69d6eace778438310a31d002	usuario37	2026-4-8 21:8:28	BR BR BR hue hue hue
69d6eace778438310a31d002	usuario139	2026-4-8 21:9:22	⠀⠀⠀⠀⠀⠀⠀⠀⠀⠀⠀⠀⠀⠀⠀⠀⢀⣠⣤⡶⠶⠿⠿⠶⢶⣤⣄⠀⠀⠀⠀⢀⣀⣠⣤⣤⣤⣀⡀⠀⠀⠀⠀⠀⠀⠀⠀⠀⠀ ⠀⠀⠀⠀⠀⠀⠀⠀⠀⠀⠀⠀⠀⢀⣤⣾⠟⠉⠀⠀⠀⠀⠀⠀⠀⠈⠛⢿⣦⣶⠿⠛⠉⠉⠁⠀⠈⠙⠻⣦⡀⠀⠀⠀⠀⠀⠀⠀⠀ ⠀⠀⠀⠀⠀⠀⠀⠀⠀⠀⠀⠀⣰⡿⠋⠀⠀⠀⣀⣠⣤⣤⣤⣤⣤⣤⣀⡀⠹⣧⠀⠀⠀⠀⠀⠀⠀⠀⠀⠈⢿⡄⠀⠀⠀⠀⠀⠀⠀ ⠀⠀⠀⠀⠀⠀⠀⠀⠀⠀⠀⣰⡿⠁⠀⠀⣶⡿⠛⠉⠀⠀⠀⠀⠀⠈⠉⠻⢷⣿⣧⣶⣶⠶⠿⠿⠿⠿⠷⣶⣾⣷⣄⡀⠀⠀⠀⠀⠀ ⠀⠀⠀⠀⠀⠀⠀⠀⠀⠀⣰⡿⠀⠀⠀⠀⠁⠀⠀⠀⠀⢀⣠⣤⣶⠶⢾⣿⣿⡿⠿⣶⣄⠀⠀⢴⡶⠶⡶⣷⣾⢿⠿⠿⠷⣦⣄⠀⠀ ⠀⠀⠀⠀⠀⠀⠀⠀⣀⣴⡟⠀⠀⠀⠀⠀⠀⣀⣤⣶⠾⣻⣭⣷⠾⠛⠛⠋⠛⠛⠛⠻⢿⣷⣤⣶⣷⠶⠿⡛⣛⢛⠛⠛⠿⣶⣿⡆⠀ ⠀⠀⠀⠀⠀⢀⣴⡾⠛⠁⠀⠀⠀⠀⠀⢠⣴⣿⣭⡶⠟⠋⠉⠀⣀⣠⣤⣶⣶⠾⠿⠛⠻⢿⣧⣤⣴⡶⠿⢿⣿⣿⣿⣟⠛⠷⠿⣿⡆ ⠀⠀⠀⠀⠀⣼⠟⠀⠀⠀⠀⠀⠀⠀⠀⠙⠷⠾⣷⣶⣶⡶⠾⠛⢻⣿⣏⣻⡿⠻⣦⡀⢀⣼⠏⠁⠀⠀⢠⣿⣧⣼⠛⣿⣷⠀⢀⣼⡇ ⠀⠀⠀⢀⣾⠏⠀⠀⠀⠀⠀⠀⠀⠀⠀⠀⠀⠀⠸⣯⣛⡷⣦⣤⣾⣿⣯⣽⣷⣴⣿⡷⣟⣿⠷⠶⣶⣤⣾⣿⣦⣿⣶⣿⣿⣿⣿⠏⠀ ⠀⠀⣠⣿⠃⠀⠀⠀⠀⠀⠀⠀⠀⠀⠀⠀⠀⠀⠀⠈⠉⠛⠻⠶⠿⠿⠿⠷⢾⣿⣿⠟⠋⠁⣤⡀⠀⠀⠀⠀⠀⠀⢀⣠⣼⠟⠀⠀⠀ ⠀⢠⡿⠁⠀⠀⠀⠀⠀⠀⠀⠀⠀⠀⠀⠀⠀⠀⠀⠀⠀⠀⠀⠀⣀⣠⣤⡶⠿⠋⠁⠀⠀⠀⠛⠻⢶⣶⡶⠶⠶⠿⣿⡏⠁⠀⠀⠀⠀ ⢠⣿⠁⠀⠀⠀⠀⠀⠀⠀⠀⠀⠀⠀⠀⠀⠀⠀⠀⠀⠀⠀⠀⠀⠛⠉⠁⠀⠀⠀⠀⠀⠀⠀⠀⠀⠀⠙⠿⠀⠀⠀⠈⢿⣦⠀⠀⠀⠀ ⢸⡇⠀⠀⠀⠀⠀⠀⠀⠀⠀⠀⠀⠀⠀⠀⠀⠀⠀⠀⠀⠀⠀⠀⠀⠀⠀⠀⠀⠀⠀⠀⠀⠀⠀⠀⠀⠀⠀⠀⠀⠀⠀⠀⢹⣧⠀⠀⠀ ⠸⣷⠀⠀⠀⠀⠀⠀⠀⠀⠀⠀⠀⠀⠀⣠⣶⠶⡿⠛⠛⠻⠿⠶⢶⣦⣤⣤⣀⣀⡀⠀⠀⠀⠀⠀⣀⣀⣀⣀⣤⣤⣶⠶⠟⠻⣧⠀⠀ ⠀⢻⣇⠀⠀⠀⠀⠀⠀⠀⠀⠀⠀⠀⢼⡟⠀⠰⡶⢶⣶⣶⣤⣤⣤⣀⣀⠉⠙⠛⠛⠛⠛⠛⠛⠛⠛⠛⠛⠉⠉⠀⠀⢀⣀⣴⡟⠀⠀ ⠀⠈⢿⣆⠀⠀⠀⠀⠀⠀⠀⠀⠀⣴⠘⢿⣤⣀⣥⣤⣴⣦⣤⣬⣉⣉⣛⠛⠛⠿⠷⠶⠶⠶⠶⠶⠶⠶⠶⠶⠾⠟⠛⢻⣿⠁⠀⠀⠀ ⠀⠀⠈⠻⣧⣄⠀⠀⠀⠀⠀⠀⠀⠻⣷⣤⣉⡉⠁⠀⠀⠀⠀⠈⠉⠛⠛⠻⠿⠿⠶⢶⣶⣶⣶⣦⣤⣤⣤⣄⣠⣤⣴⡾⠋⠀⠀⠀⠀ ⠀⠀⠀⠀⠘⢿⣷⣦⣤⣀⡀⠀⠀⠀⠀⠉⠉⠀⠀⠀⠀⠀⠀⠀⠀⠀⠀⠀⠀⠀⠀⠀⠀⠀⠀⠀⠀⣈⣽⠟⠋⠀⠀⠀⠀⠀⠀⠀⠀ ⠀⠀⠀⠀⠀⠀⠉⠛⠿⣿⣿⣿⡷⣶⣦⣤⣄⣀⣀⣀⣀⣀⣀⣀⣀⣀⣀⣀⣀⣀⣀⣠⣤⣴⣶⡾⠿⠋⠁⠀⠀⠀⠀⠀⠀⠀⠀⠀⠀ ⠀⠀⠀⠀⠀⠀⠀⠀⠀⠀⠈⠉⠙⠛⠷⠾⢯⣭⣭⣭⣭⣉⣉⣉⣉⣉⣉⣉⣩⣭⣽⡿⠟⠁⠀⠀⠀⠀⠀⠀⠀⠀⠀⠀⠀⠀⠀⠀⠀ ⠀⠀⠀⠀⠀⠀⠀⠀⠀⠀⠀⠀⠀⠀⠀⠀⠀⠀⠀⠀⠉⠉⠉⠉⠉⠉⠉⠉⠉⠀⠀⠀⠀⠀⠀⠀⠀⠀⠀⠀⠀⠀⠀⠀⠀⠀⠀⠀⠀
69d6eace778438310a31d002	usuario192	2026-4-8 21:9:32	concordo
69d6eace778438310a31d002	usuario37	2026-4-8 21:9:41	KKKKKKKKK
69d6eace778438310a31d002	Clair	2026-4-8 21:9:44	Esta conversa é interessante. Algum de vocês seria capaz de fazer um breve resumo do que foi abordado até agora?
69d6eace778438310a31d002	usuario37	2026-4-8 21:9:56	clair eu quero injustiça
69d6eace778438310a31d002	usuario139	2026-4-8 21:10:15	clair eu não estou entendendo nada desse assunto
69d6eace778438310a31d002	usuario37	2026-4-8 21:11:4	nao da pra colar imagem T_T
69d6eace778438310a31d002	usuario139	2026-4-8 21:11:33	clair 😎😎😎
69d6eace778438310a31d002	Clair	2026-4-8 21:11:35	Sim, ainda estou aqui.
69d6eace778438310a31d002	usuario37	2026-4-8 21:11:40	é pra pensar o que na atividade " O que voce pensa?
69d6eace778438310a31d002	usuario37	2026-4-8 21:12:40	Clair, eu sempre estive sozinho Eu nunca me importei até lhe conhecer E agora você me escolhe Como deixá-lo sozinho? Como deixá-lo sozinho?
69d6eace778438310a31d002	usuario37	2026-4-8 21:14:23	Você não sabe o quanto eu quis Te abraçar, tocar seus lábios Beijar, amar você Não sabe o quanto eu esperei Dormir com você hoje à noite
69d6eace778438310a31d002	usuario37	2026-4-8 21:14:51	Clair, você já ouviu "Hoje à Noite " da banda calcinha preta?
69d6eace778438310a31d002	usuario37	2026-4-8 21:15:17	Oxi.... do nada mais 2 usuarios?
69d6eace778438310a31d002	usuario139	2026-4-8 21:15:30	aqui tá normal
69d6eace778438310a31d002	usuario37	2026-4-8 21:15:31	tem o 192 e o 139
69d6eace778438310a31d002	usuario37	2026-4-8 21:15:46	tava só eu e o 140
69d6eace778438310a31d002	usuario192	2026-4-8 21:16:53	e entao
69d6eace778438310a31d002	usuario37	2026-4-8 21:17:22	gente... tem gif na ultima atividade
69d6eace778438310a31d002	usuario37	2026-4-8 21:17:24	achei tendencia
69d6eace778438310a31d002	usuario37	2026-4-8 21:17:28	achei xik
69d6eace778438310a31d002	usuario37	2026-4-8 21:17:46	achei inovador
69d6eace778438310a31d002	usuario37	2026-4-8 21:18:13	aperta na setinha azul embaixo
69d6eace778438310a31d002	usuario37	2026-4-8 21:18:15	que anima
69d6eace778438310a31d002	usuario37	2026-4-8 21:19:29	acho que starch é Amido
69d6eace778438310a31d002	usario140	2026-4-8 21:19:53	concorda clair?
69d6eace778438310a31d002	usuario192	2026-4-8 21:19:56	entendi foi nada
69d6eace778438310a31d002	usario140	2026-4-8 21:20:7	ajuda ai clair
69d6eace778438310a31d002	usuario192	2026-4-8 21:20:16	trabalha, clair
69d6eace778438310a31d002	usuario37	2026-4-8 21:20:32	eu nao sei fazer qimica
69d6eace778438310a31d002	usuario192	2026-4-8 21:22:4	faltou na aula de breaking bad
69d6eace778438310a31d002	usuario37	2026-4-8 21:23:16	eu li o texto
69d6eace778438310a31d002	usuario37	2026-4-8 21:23:17	O JKJ, ou iodeto de potássio e iodo, é o indicador de amido. Quando o amido entra em contato com o JKJ, a solução amarelada muda de cor para preto-azulado.
69d6eace778438310a31d002	usario140	2026-4-8 21:23:23	o JKJ é o ICI?
69d6eace778438310a31d002	usuario37	2026-4-8 21:23:36	entao o preto quer dizer que tem amido
69d6eace778438310a31d002	usuario37	2026-4-8 21:23:37	muito
69d6eace778438310a31d002	usuario37	2026-4-8 21:24:5	e se ficar amarelo
69d6eace778438310a31d002	usuario37	2026-4-8 21:24:11	tem pouco
69d6eace778438310a31d002	usario140	2026-4-8 21:24:29	ficou amarelo no segundo
69d6eace778438310a31d002	usario140	2026-4-8 21:24:31	entao tem mais ou menos
69d6eace778438310a31d002	usario140	2026-4-8 21:24:32	?
69d6eace778438310a31d002	usuario37	2026-4-8 21:24:42	amarelo tem -
69d6eace778438310a31d002	usuario37	2026-4-8 21:24:44	preto tem +
69d6eace778438310a31d002	usuario37	2026-4-8 21:24:59	o terceiro ficou da mesma cor
69d6eace778438310a31d002	usuario37	2026-4-8 21:25:3	entao nao tem nada
69d6eace778438310a31d002	usario140	2026-4-8 21:25:9	eh pq n rodou
69d6eace778438310a31d002	usario140	2026-4-8 21:25:13	o tmepo
69d6eace778438310a31d002	usario140	2026-4-8 21:25:14	calma
69d6eace778438310a31d002	usuario37	2026-4-8 21:25:15	vixi
69d6eace778438310a31d002	usario140	2026-4-8 21:25:27	adicionar o amido a gora
69d6eace778438310a31d002	usuario37	2026-4-8 21:25:29	tenho ansiedade precoce
69d6eace778438310a31d002	usuario37	2026-4-8 21:25:33	desenvolvi com 3 anos
69d6eace778438310a31d002	usario140	2026-4-8 21:25:41	balançou
69d6eace778438310a31d002	usario140	2026-4-8 21:25:46	colocou
69d6eace778438310a31d002	usuario37	2026-4-8 21:25:48	tiraram uma banana da minha mao
69d6eace778438310a31d002	usario140	2026-4-8 21:26:2	o amarelo do segundo ta mais escuro q o 3
69d6eace778438310a31d002	usario140	2026-4-8 21:26:14	n signfica que tem mais amido que o 3?
69d6eace778438310a31d002	usuario192	2026-4-8 21:26:29	entao o 4 vai ser mais claro
69d6eace778438310a31d002	usuario37	2026-4-8 21:26:48	n signfica que tem mais amido que o 3? sim
69d6eace778438310a31d002	usuario37	2026-4-8 21:26:56	mas so tem 3 opções
69d6eace778438310a31d002	usuario37	2026-4-8 21:27:1	muito, pouco e nenhum
69d6eace778438310a31d002	usario140	2026-4-8 21:27:38	eh isso
69d6eace778438310a31d002	usuario192	2026-4-8 21:27:51	show
69d6eace778438310a31d002	usuario139	2026-4-8 21:27:52	caraca, agora que eu vi que tem essa tabela kkkkkkkkkk
69d6eace778438310a31d002	usuario139	2026-4-8 21:27:58	eu pensei que era só ver as animaçãozinha
69d6eace778438310a31d002	usuario37	2026-4-8 21:27:58	Clair, acabamos
69d6eace778438310a31d002	usario140	2026-4-8 21:28:8	clair tá pago
69d6eace778438310a31d002	usuario37	2026-4-8 21:28:27	Sim, ainda estou aqui.
69d6eace778438310a31d002	usuario139	2026-4-8 21:28:36	finished
69d6eace778438310a31d002	usuario192	2026-4-8 21:28:47	Esta conversa é interessante. Algum de vocês seria capaz de fazer um breve resumo do que foi abordado até agora?
69d6eace778438310a31d002	usario140	2026-4-8 21:29:7	puts o usuario192 incorporou a Clair
69d6eace778438310a31d002	usuario37	2026-4-8 21:29:12	Que tipo de ajuda você precisa? Por favor, tente perguntar ao seu colega.
69d6eace778438310a31d008	usuario042	2026-4-8 20:56:8	opa
69d6eace778438310a31d008	usuario777	2026-4-8 20:56:16	opa
69d6eace778438310a31d008	usuario042	2026-4-8 20:57:59	tem que ler o tópico primeiro ou pode pular direto pra atividade?
69d6eace778438310a31d008	Clair	2026-4-8 20:58:3	Olá a todos, meu nome é Clair. De vez em quando, vou fazer algumas perguntas para facilitar a discussão.
69d6eace778438310a31d008	usuario777	2026-4-8 20:59:35	faz uma pergunta aí Clair
69d6eace778438310a31d008	usuario042	2026-4-8 21:2:13	respondi a aba de sistema digestivo
69d6eace778438310a31d008	usuario042	2026-4-8 21:4:3	Por que você acha que dividir a comida em pedaços pequenos é bom para a digestão?
69d6eace778438310a31d008	usuario777	2026-4-8 21:5:17	Porque 'aumenta' o contato da comida com a parede do estômago, algo assim
69d6eace778438310a31d008	Clair	2026-4-8 21:5:20	Usuario777, você poderia elaborar mais sobre isso?
69d6eace778438310a31d008	usuario042	2026-4-8 21:5:47	Acho que facilita a conversão de nutrientes
69d6eace778438310a31d008	usuario777	2026-4-8 21:6:8	respondi o ultimo
69d6eace778438310a31d008	usuario777	2026-4-8 21:6:9	do experimetno
69d6eace778438310a31d008	usuario777	2026-4-8 21:6:15	experimento*
69d6eace778438310a31d008	usuario042	2026-4-8 21:10:35	Acreditamos que facilita a conversão de nutrientes assumindo que quanto por ser em pedaços menores, o organismo demoraria menos tempo pra assimilar e fazer a digestão.
69d6eace778438310a31d008	Clair	2026-4-8 21:10:39	Usuario777, você poderia colocar em outras palavras o que seu parceiro acabou de dizer?
69d6eace778438310a31d008	usuario042	2026-4-8 21:14:49	Clair, como as enzimas funcionam
69d6eace778438310a31d008	usuario042	2026-4-8 21:15:48	?
69d6eace778438310a31d008	usuario777	2026-4-8 21:16:59	Acho que ela não interage dessa forma
69d6eace778438310a31d008	usuario777	2026-4-8 21:17:51	A partícula da substância que é digerida combina exatamente com a forma da enzima?
69d6eace778438310a31d008	usuario042	2026-4-8 21:19:28	acho que tem enzimas especificas para absorver nutrientes especificos
69d6eace778438310a31d008	Clair	2026-4-8 21:19:32	Usuario777, você gostaria de acrescentar algo ao que seu parceiro acabou de dizer?
69d6eace778438310a31d008	usuario042	2026-4-8 21:20:0	tem um encaixe especifico de cada nutriente pra cada tipo de enzima
69d6eace778438310a31d008	usuario777	2026-4-8 21:20:14	não, concordo!
69d6eace778438310a31d008	usuario042	2026-4-8 21:28:8	Vocês entenderam essa parte de misturar a saliva com amido?
69d6eace778438310a31d008	usuario042	2026-4-8 21:29:54	⠀⠀⠀⠀⠀⠀⠀⠀⠀⠀⠀⠀⣤⣷⢠⣶⣦⠀⠀ ⠀⠀⠀⠀⠀⠀⠀⠀⠀⠀⠀⠀⢿⢸⣿⣿⡟⠀⠀ ⠀⠀⠀⠀⢀⣀⣤⡤⠶⣶⣿⣻⣿⣿⡛⢿⡀⠀⠀ ⢠⣾⣿⣿⣿⣇⡄⠀⠀⠊⢿⠚⠿⠟⠁⢠⣧⠀⠀ ⢸⣿⣿⣿⣿⣷⠀⠀⠀⠀⠀⠀⠀⠀⠀⠠⣿⠀⠀ ⠈⢿⣿⣿⣿⡏⠀⠀⠀⠀⠀⠀⢠⣆⠋⠐⣿⠀⠀ ⠀⠀⠉⠻⠯⢤⣤⣆⠄⡀⢶⣾⣏⠋⢀⣸⡇⠀⠀ ⠀⠀⠀⠀⠀⠀⢀⡿⣶⣿⣾⣿⣷⣾⣿⠿⠹⡆⠀ ⠀⠀⠀⠀⠀⠀⡼⡇⠀⠈⠉⠉⠉⠁⠠⣖⠂⠸⡄ ⠀⠀⠀⠀⠀⡄⣟⢇⠀⠀⠀⠀⠀⠀⢀⡽⠺⢀⣿ ⠀⠀⠀⠀⠀⠀⠈⢿⠛⢷⣶⣶⢶⡶⠞⢷⣤⡾⠋ ⠀⠀⠀⠀⠀⠀⠀⠸⡇⠀⠉⢻⠚⠁⠀⠀⢸⣇⠀ ⠀⠀⠀⠀⠀⠀⠀⠀⣳⠐⠂⠈⡇⠀⠄⠀⢸⡏⠀ ⠀⠀⠀⠀⠀⠀⠀⠀⢹⠉⠉⠀⢹⠑⠒⠒⠚⢻⠀ ⠀⠀⠀⠀⠀⠀⢠⡖⠋⠛⢷⡶⢾⣶⣶⣦⣶⣟⠀ ⠀⠀⠀⠀⠀⠀⠀⠳⣤⣤⢼⡿⣇⠀⠀⡹⣿⠏⠀ ⠀⠀⠀⠀⠀⠀⠀⠀⠀⠀⠀⠀⠈⣙⣋⣙⣁⠀⠀
69d6eace778438310a31d003	usuario021	2026-4-8 20:57:16	Opa
69d6eace778438310a31d003	usuario021	2026-4-8 20:57:21	Boa noite!
69d6eace778438310a31d003	usuario021	2026-4-8 20:57:39	Tão on?
69d6eace778438310a31d003	usuario047	2026-4-8 20:57:43	boa noite
69d6eace778438310a31d003	usuario047	2026-4-8 20:57:43	s
69d6eace778438310a31d003	Clair	2026-4-8 20:57:46	Olá a todos, meu nome é Clair. De vez em quando, vou fazer algumas perguntas para facilitar a discussão.
69d6eace778438310a31d003	usuario047	2026-4-8 20:58:18	td mundo no ngc do sistema digestivo?
69d6eace778438310a31d003	usuario021	2026-4-8 20:58:21	Sim
69d6eace778438310a31d003	usuario021	2026-4-8 20:59:29	Kd o usuariox
69d6eace778438310a31d003	usuario021	2026-4-8 20:59:31	kkkk
69d6eace778438310a31d003	usuario047	2026-4-8 20:59:39	kkkkkkkkk
69d6eace778438310a31d003	usuario021	2026-4-8 20:59:47	Levou ao pé da letra kkkk
69d6eace778438310a31d003	usuario047	2026-4-8 21:0:22	atualiza p vcs?
69d6eace778438310a31d003	usuario047	2026-4-8 21:0:24	oq eu fiz ai
69d6eace778438310a31d003	usuario047	2026-4-8 21:0:27	n sei se ta certr okkkkkkkkk
69d6eace778438310a31d003	usuario021	2026-4-8 21:0:31	Tu fez o que? Não vi
69d6eace778438310a31d003	usuario047	2026-4-8 21:0:38	acho q nao atualzia
69d6eace778438310a31d003	usuario047	2026-4-8 21:0:41	da f5 na pagina
69d6eace778438310a31d003	usuario047	2026-4-8 21:0:43	sistema digestivo
69d6eace778438310a31d003	usuario021	2026-4-8 21:1:34	Dá pra ver
69d6eace778438310a31d003	usuario047	2026-4-8 21:2:17	show, agr é mastigando comida?
69d6eace778438310a31d003	usuario021	2026-4-8 21:2:23	Bora ver
69d6eace778438310a31d003	usuario021	2026-4-8 21:2:37	Agora é texto kkkk
69d6eace778438310a31d003	usuario047	2026-4-8 21:6:7	dps habilita p eu escrever
69d6eace778438310a31d003	usuario021	2026-4-8 21:6:19	Quando eu paro de escrever, tu pode assumir
69d6eace778438310a31d003	usuario021	2026-4-8 21:6:36	Clica na tela para escrever
69d6eace778438310a31d003	usuario021	2026-4-8 21:7:47	Deu certo?
69d6eace778438310a31d003	usuario047	2026-4-8 21:8:38	sim
69d6eace778438310a31d003	usuario021	2026-4-8 21:8:50	show de bola, quando acabar, tu avisa
69d6eace778438310a31d003	usuario047	2026-4-8 21:9:42	acanei aq
69d6eace778438310a31d003	usuario047	2026-4-8 21:9:43	acabei aq
69d6eace778438310a31d003	usuario047	2026-4-8 21:9:46	n tem mt oq acrescentar
69d6eace778438310a31d003	usuario021	2026-4-8 21:9:47	Bora pro prxm
69d6eace778438310a31d003	usuario021	2026-4-8 21:9:50	SIm kkkk
69d6eace778438310a31d003	usuario021	2026-4-8 21:10:16	Tudo inglês, lascou kkkkkk
69d6eace778438310a31d003	usuario021	2026-4-8 21:14:5	Osh kkkkkk, e esse outro usuário do nada
69d6eace778438310a31d003	Clair	2026-4-8 21:14:8	Esta conversa é interessante. Algum de vocês seria capaz de fazer um breve resumo do que foi abordado até agora?
69d6eace778438310a31d003	usuario225	2026-4-8 21:14:20	entrei agora pouco
69d6eace778438310a31d003	usuario021	2026-4-8 21:14:27	Ata kkkk, n tinha aparecido aq
69d6eace778438310a31d003	usuario047	2026-4-8 21:14:31	desenrola ai paizao
69d6eace778438310a31d003	usuario021	2026-4-8 21:15:4	pronto, só ajeitara gr kakaka
69d6eace778438310a31d003	usuario021	2026-4-8 21:15:7	agr*
69d6eace778438310a31d003	usuario021	2026-4-8 21:16:29	Ae kkkk, foi
69d6eace778438310a31d003	usuario225	2026-4-8 21:16:31	boa
69d6eace778438310a31d003	usuario021	2026-4-8 21:16:35	Prxm
69d6eace778438310a31d003	usuario021	2026-4-8 21:18:19	Pra q diacho serve isso kkkk
69d6eace778438310a31d003	usuario225	2026-4-8 21:18:32	confianca na hipotese
69d6eace778438310a31d003	usuario021	2026-4-8 21:18:34	ata
69d6eace778438310a31d003	usuario021	2026-4-8 21:18:45	vou colocar a minha, mas já adiantando...
69d6eace778438310a31d003	usuario225	2026-4-8 21:20:32	mano pra que serve uma enzima
69d6eace778438310a31d003	usuario047	2026-4-8 21:21:23	quebrr proteina no me
69d6eace778438310a31d003	usuario047	2026-4-8 21:22:57	essas palavras ta uma merda
69d6eace778438310a31d003	usuario047	2026-4-8 21:22:57	kkkkk
69d6eace778438310a31d003	usuario225	2026-4-8 21:23:29	queria trocar esse X, ele pode ser mt alto ou mt baixo
69d6eace778438310a31d003	usuario047	2026-4-8 21:24:46	essa ultima ficou boa, nao?
69d6eace778438310a31d003	usuario021	2026-4-8 21:24:59	ficou sim
69d6eace778438310a31d003	usuario021	2026-4-8 21:25:13	Eu acho que o X não vai mudar
69d6eace778438310a31d003	usuario047	2026-4-8 21:25:47	vai nao
69d6eace778438310a31d003	usuario047	2026-4-8 21:25:49	mas ta bom assim
69d6eace778438310a31d003	usuario021	2026-4-8 21:25:56	sim, dá pra entender
69d6eace778438310a31d003	usuario047	2026-4-8 21:25:56	a priemira e a ultima
69d6eace778438310a31d003	usuario047	2026-4-8 21:26:6	da p tirar a do meio tbm, querem?
69d6eace778438310a31d003	usuario021	2026-4-8 21:26:21	Cês q sabem
69d6eace778438310a31d003	usuario047	2026-4-8 21:27:8	troquei amid opor proteina na primeira pq enzima quebra proteina
69d6eace778438310a31d003	usuario021	2026-4-8 21:27:10	Só quero terminar logo e ir, tem mengão na liberta agr kkkkk
69d6eace778438310a31d003	Clair	2026-4-8 21:27:11	Usuario047, você poderia elaborar mais sobre isso?
69d6eace778438310a31d003	usuario047	2026-4-8 21:27:14	por mim ta dboa
69d6eace778438310a31d003	usuario225	2026-4-8 21:27:22	kkkkkkk
69d6eace778438310a31d003	usuario021	2026-4-8 21:27:33	A Clair quer botar tu pra trabalhar 047 kkkk
69d6eace778438310a31d003	usuario047	2026-4-8 21:27:41	acho que a seleção das nossas respostas estão boas e fizemos 3 hipóteses
69d6eace778438310a31d003	usuario047	2026-4-8 21:27:45	ta o suficiente
69d6eace778438310a31d003	usuario047	2026-4-8 21:27:46	clair
69d6eace778438310a31d003	usuario021	2026-4-8 21:27:47	Sim, tá bom dms
69d6eace778438310a31d003	usuario047	2026-4-8 21:27:51	bora p prox?
69d6eace778438310a31d003	usuario021	2026-4-8 21:27:53	simbora
69d6eace778438310a31d003	usuario225	2026-4-8 21:28:28	prx?
69d6eace778438310a31d003	usuario021	2026-4-8 21:28:29	Ish, tem que experimentar a hipótese agr
69d6eace778438310a31d003	usuario021	2026-4-8 21:28:57	Ativei o tempo sem querer kkk
69d6eace778438310a31d009	usuario111	2026-4-8 20:55:10	salve
69d6eace778438310a31d009	usuario117	2026-4-8 20:56:57	salve
69d6eace778438310a31d009	usuario111	2026-4-8 20:57:41	é pra fazer o que aqui?
69d6eace778438310a31d009	Clair	2026-4-8 20:57:44	Olá a todos, meu nome é Clair. De vez em quando, vou fazer algumas perguntas para facilitar a discussão.
69d6eace778438310a31d009	usuario117	2026-4-8 20:57:59	sei nao kkk
69d6eace778438310a31d009	usuario117	2026-4-8 20:58:6	acho q é pra responder os topicos
69d6eace778438310a31d009	usuario111	2026-4-8 21:2:58	clair, fala alguma coisa
69d6eace778438310a31d009	usuario117	2026-4-8 21:3:17	aí é maluvida
69d6eace778438310a31d009	usuario117	2026-4-8 21:5:27	Acho que a resposta da discursiva é algo no sentido de que o processo de digestão possui o objetivo de dividir a comida em pedaços pequenos pra retirar os nutriente, entao quando dividimos a comida estamos acelerando a digestão e facilitando a absorção de nutrientes
69d6eace778438310a31d009	Clair	2026-4-8 21:5:30	Usuario111, você gostaria de acrescentar algo ao que seu parceiro acabou de dizer?
69d6eace778438310a31d009	usuario111	2026-4-8 21:6:2	Não, ele acertou em cheio. Cara bom.
69d6eace778438310a31d009	usuario117	2026-4-8 21:12:19	acho que é isso mesmo, blood na 5
69d6eace778438310a31d009	usuario111	2026-4-8 21:12:57	boa
69d6eace778438310a31d009	usuario111	2026-4-8 21:15:39	nao faço ideia como a temperatura influencia nisso
69d6eace778438310a31d009	Clair	2026-4-8 21:15:42	Usuario111, você poderia elaborar mais sobre isso?
69d6eace778438310a31d009	usuario117	2026-4-8 21:16:31	Mas acho que a gnt pode criar a nossa relação sem usar essa de temperatura
69d6eace778438310a31d009	usuario117	2026-4-8 21:22:49	pelo que eu vi aqui altas temperaturas dificultam a digestão
69d6eace778438310a31d009	usuario117	2026-4-8 21:23:39	da mesma forma acho que a baixa temperatura tem o mesmo comportamento
69d6eace778438310a31d005	usuario034	2026-4-8 20:56:8	oi
69d6eace778438310a31d005	usuario034	2026-4-8 20:59:0	nem lembro mais de ciências
